episode,timestep,reward
20,2000,-186.395
40,4000,-261.1242
57,6000,-227.3967
77,8000,-254.5123
96,10000,-176.4927
115,12000,-201.9057
133,14000,-135.0782
152,16000,-129.1478
172,18000,-134.5738
191,20000,-157.1149
211,22000,-109.2591
228,24000,-167.4691
245,26000,-106.9708
266,28000,-113.7071
283,30000,-92.7661
300,32000,-105.6653
316,34000,-108.7898
334,36000,-57.3286
352,38000,-100.8272
370,40000,-125.9809
388,42000,-87.857
404,44000,-104.4212
420,46000,-72.3296
435,48000,-78.7285
443,50000,-68.9292
457,52000,-75.7562
462,54000,-3.444
475,56000,-33.347
490,58000,-25.5254
508,60000,-40.1218
517,62000,-28.6919
532,64000,-32.1239
540,66000,-19.6096
550,68000,-37.6584
558,70000,0.7889
566,72000,-36.6153
572,74000,-46.7532
577,76000,-10.3205
590,78000,-37.5194
603,80000,-28.5159
606,82000,30.4668
613,84000,-11.2746
619,86000,-32.0651
625,88000,17.3744
628,90000,74.1004
635,92000,-24.9366
638,94000,24.1845
644,96000,36.8545
646,98000,39.3914
651,100000,-6.3817
656,102000,-5.5416
662,104000,22.8253
665,106000,7.8914
668,108000,29.885
673,110000,6.6633
675,112000,59.4928
677,114000,58.1346
679,116000,60.0675
683,118000,39.2156
685,120000,-27.2231
688,122000,-22.2192
690,124000,40.9858
693,126000,1.2836
697,128000,-59.7484
699,130000,15.7649
702,132000,-91.1834
707,134000,-51.286
709,136000,-8.5505
711,138000,-11.9586
714,140000,7.0495
716,142000,68.8675
718,144000,77.6796
721,146000,49.056
723,148000,93.9279
725,150000,-105.5934
727,152000,75.8263
729,154000,5.6373
732,156000,9.3236
734,158000,41.3057
736,160000,53.449
738,162000,42.744
740,164000,29.6864
742,166000,100.4277
744,168000,78.1725
746,170000,124.8765
748,172000,70.1794
750,174000,101.6577
752,176000,75.2304
754,178000,66.234
756,180000,100.5674
758,182000,94.2033
760,184000,124.7439
762,186000,91.4044
764,188000,98.7995
767,190000,36.0805
769,192000,132.7601
771,194000,113.5073
773,196000,106.4478
775,198000,78.3644
777,200000,124.5057
779,202000,107.0776
781,204000,123.228
783,206000,79.3441
785,208000,106.7334
787,210000,83.2567
789,212000,99.3886
791,214000,23.1306
793,216000,95.7687
795,218000,118.2805
797,220000,40.3789
799,222000,43.5402
801,224000,105.4475
803,226000,121.22
805,228000,85.3755
808,230000,129.9016
810,232000,49.6741
812,234000,102.9028
814,236000,82.0455
816,238000,103.4459
818,240000,112.1438
820,242000,126.1213
822,244000,89.0966
824,246000,125.2414
827,248000,26.8576
829,250000,103.4738
832,252000,14.5745
834,254000,133.3312
836,256000,120.6707
838,258000,114.8533
840,260000,94.8157
843,262000,60.4071
845,264000,100.7263
847,266000,132.9743
849,268000,86.1592
851,270000,71.9356
853,272000,132.2419
855,274000,119.3299
857,276000,91.6756
859,278000,143.9136
862,280000,56.2359
864,282000,129.0161
866,284000,77.4693
869,286000,52.4388
871,288000,92.5117
873,290000,47.2305
875,292000,79.5338
877,294000,84.1045
879,296000,47.5574
881,298000,43.5317
883,300000,102.6273
886,302000,105.3226
888,304000,63.9961
890,306000,101.2698
892,308000,124.2897
894,310000,115.2125
896,312000,104.9783
898,314000,68.2297
900,316000,88.2401
902,318000,75.3292
904,320000,74.4832
906,322000,71.8275
908,324000,75.1034
910,326000,87.3597
912,328000,86.3368
914,330000,109.7182
916,332000,78.1787
918,334000,99.3168
920,336000,81.9551
922,338000,90.2946
924,340000,107.5782
926,342000,138.4383
928,344000,87.7131
930,346000,86.3189
932,348000,101.7006
934,350000,118.2973
936,352000,81.5221
938,354000,85.8644
940,356000,136.8505
942,358000,83.5084
944,360000,96.3657
946,362000,93.6646
948,364000,75.426
950,366000,83.6118
952,368000,72.5141
954,370000,54.1654
956,372000,77.1518
958,374000,86.867
960,376000,87.8829
962,378000,41.406
964,380000,38.5353
966,382000,78.3479
968,384000,62.7565
970,386000,67.9263
972,388000,83.2041
974,390000,65.8896
976,392000,103.4302
978,394000,86.9971
980,396000,68.9319
982,398000,101.5145
984,400000,73.3826
986,402000,68.4236
988,404000,78.9953
990,406000,79.4473
992,408000,84.8391
994,410000,94.5627
996,412000,103.6048
998,414000,103.084
1000,416000,117.8619
1002,418000,121.2511
1004,420000,106.2848
1006,422000,91.3596
1008,424000,80.9239
1010,426000,118.0415
1012,428000,119.8816
1014,430000,104.5395
1016,432000,139.0701
1018,434000,94.6607
1020,436000,125.8683
1023,438000,66.1141
1025,440000,94.5087
1027,442000,80.8746
1029,444000,85.1967
1031,446000,125.3845
1033,448000,107.693
1035,450000,97.4108
1037,452000,83.7557
1039,454000,100.5147
1041,456000,101.2913
1043,458000,131.8814
1045,460000,94.6048
1047,462000,108.4673
1049,464000,94.2496
1051,466000,62.9538
1053,468000,95.946
1055,470000,81.2016
1057,472000,85.7869
1059,474000,97.4091
1061,476000,74.6452
1063,478000,104.2176
1065,480000,97.3942
1067,482000,80.0662
1069,484000,67.4644
1071,486000,83.2751
1073,488000,84.5621
1075,490000,115.2773
1077,492000,91.8065
1079,494000,78.1059
1081,496000,98.2717
1083,498000,71.6574
1085,500000,92.1818
1087,502000,73.7023
1089,504000,69.6632
1091,506000,134.1026
1093,508000,71.4394
1095,510000,61.7309
1097,512000,113.0632
1099,514000,74.1062
1101,516000,65.9093
1103,518000,70.8904
1105,520000,61.2495
1107,522000,42.2338
1109,524000,88.593
1112,526000,53.4115
1114,528000,85.0079
1116,530000,65.0214
1118,532000,78.2795
1121,534000,64.2774
1124,536000,1.6131
1126,538000,80.1831
1128,540000,42.8061
1130,542000,-112.5375
1132,544000,75.316
1134,546000,40.6004
1136,548000,122.6163
1139,550000,53.3243
1141,552000,96.735
1143,554000,54.9214
1146,556000,73.3576
1148,558000,77.7804
1150,560000,72.8362
1152,562000,78.2857
1154,564000,101.935
1156,566000,45.7114
1158,568000,73.6452
1160,570000,67.7156
1162,572000,49.3443
1164,574000,29.1804
1166,576000,40.7026
1168,578000,27.8789
1170,580000,32.094
1172,582000,64.5675
1175,584000,53.8469
1177,586000,91.1259
1179,588000,58.898
1181,590000,91.5029
1184,592000,99.9901
1186,594000,97.8489
1188,596000,111.7817
1190,598000,109.5745
1192,600000,87.8032
1194,602000,116.3875
1196,604000,82.6818
1198,606000,102.095
1200,608000,97.3531
1202,610000,93.08
1204,612000,110.9574
1206,614000,93.6419
1208,616000,92.2679
1210,618000,100.0158
1212,620000,100.4933
1214,622000,91.5704
1216,624000,110.6946
1218,626000,100.014
1220,628000,116.865
1222,630000,70.8999
1224,632000,100.3274
1226,634000,113.9498
1228,636000,90.2795
1230,638000,111.3762
1232,640000,113.581
1234,642000,99.6382
1236,644000,95.2799
1238,646000,119.7117
1240,648000,95.8347
1242,650000,100.7358
1244,652000,59.149
1246,654000,64.3314
1248,656000,67.6489
1250,658000,103.8808
1252,660000,104.1916
1254,662000,81.6263
1256,664000,117.4996
1258,666000,117.6622
1260,668000,123.7807
1262,670000,80.3911
1264,672000,87.4666
1266,674000,105.6794
1268,676000,98.2077
1270,678000,109.8422
1272,680000,96.1199
1274,682000,89.993
1276,684000,88.4008
1278,686000,71.2328
1280,688000,30.5289
1282,690000,108.3059
1284,692000,105.2777
1286,694000,77.7465
1288,696000,75.6415
1290,698000,93.4355
1292,700000,92.8969
1294,702000,79.2407
1296,704000,115.1843
1298,706000,100.637
1300,708000,93.6084
1302,710000,109.7864
1304,712000,96.2554
1306,714000,119.1504
1308,716000,90.163
1310,718000,96.9676
1312,720000,96.652
1314,722000,74.8535
1316,724000,93.3134
1318,726000,81.7783
1320,728000,120.5676
1322,730000,102.4122
1324,732000,103.0588
1326,734000,68.002
1328,736000,95.8416
1330,738000,100.5784
1332,740000,97.4199
1334,742000,96.5472
1336,744000,93.2544
1338,746000,113.4261
1340,748000,57.6618
1342,750000,80.8733
1344,752000,74.7254
1346,754000,49.2339
1348,756000,71.5781
1350,758000,65.8749
1352,760000,127.4532
1354,762000,78.2164
1356,764000,106.703
1358,766000,90.966
1360,768000,69.0846
1362,770000,137.898
1364,772000,102.763
1366,774000,52.0643
1368,776000,177.5184
1370,778000,90.5536
1372,780000,98.941
1374,782000,74.8793
1376,784000,54.7288
1378,786000,66.8779
1380,788000,95.3217
1382,790000,73.4867
1384,792000,104.4826
1386,794000,81.8538
1388,796000,111.8457
1390,798000,102.9825
1392,800000,100.4355
1394,802000,91.0646
1396,804000,92.3876
1398,806000,106.8255
1400,808000,85.0347
1402,810000,116.159
1404,812000,123.7659
1406,814000,114.8579
1408,816000,105.5353
1410,818000,64.9135
1412,820000,109.0056
1414,822000,83.536
1416,824000,95.3608
1418,826000,51.9841
1420,828000,87.5221
1422,830000,93.7698
1424,832000,113.1312
1426,834000,89.6102
1428,836000,111.1856
1430,838000,85.0864
1432,840000,118.8884
1434,842000,86.4644
1436,844000,110.418
1438,846000,75.9098
1440,848000,113.0844
1442,850000,81.4057
1444,852000,88.6745
1446,854000,96.9946
1448,856000,105.9136
1450,858000,118.2141
1452,860000,115.2248
1454,862000,49.1891
1456,864000,98.4219
1458,866000,78.6277
1460,868000,102.737
1462,870000,93.6392
1464,872000,89.2851
1466,874000,60.8793
1468,876000,106.6013
1470,878000,87.4466
1472,880000,84.9472
1474,882000,70.9795
1476,884000,92.2828
1478,886000,117.7162
1480,888000,75.7478
1482,890000,97.6471
1484,892000,111.812
1486,894000,92.5996
1488,896000,103.6241
1490,898000,116.8605
1492,900000,100.0555
1494,902000,118.8939
1496,904000,100.3283
1498,906000,89.3558
1500,908000,72.0436
1502,910000,112.9728
1504,912000,84.4612
1506,914000,106.8976
1508,916000,92.0889
1510,918000,101.17
1512,920000,105.8439
1514,922000,90.1494
1516,924000,122.8599
1518,926000,120.9321
1520,928000,123.0336
1522,930000,87.8094
1524,932000,98.9735
1526,934000,116.0009
1528,936000,110.4827
1530,938000,87.5888
1532,940000,99.1513
1534,942000,80.669
1536,944000,103.576
1538,946000,103.3145
1540,948000,73.81
1542,950000,85.4044
1544,952000,74.3925
1546,954000,124.2335
1548,956000,99.8613
1550,958000,107.4035
1552,960000,95.6346
1554,962000,104.2653
1556,964000,73.6349
1558,966000,119.2781
1560,968000,102.9372
1562,970000,56.406
1564,972000,97.8446
1566,974000,83.2845
1568,976000,107.9733
1570,978000,68.507
1572,980000,71.1012
1574,982000,61.715
1576,984000,78.3096
1578,986000,106.6136
1580,988000,90.3211
1582,990000,82.3869
1584,992000,120.7425
1586,994000,96.404
1588,996000,83.2706
1590,998000,101.0985
1592,1000000,75.0842
1594,1002000,81.3473
1596,1004000,79.9296
1598,1006000,122.6715
1600,1008000,83.3877
1602,1010000,105.9184
1604,1012000,104.3101
1606,1014000,121.1426
1608,1016000,126.957
1610,1018000,87.6507
1612,1020000,83.0771
1614,1022000,69.3209
1616,1024000,101.8048
1618,1026000,93.4596
1620,1028000,96.735
1622,1030000,84.7338
1624,1032000,81.9252
1626,1034000,78.9033
1628,1036000,90.2543
1630,1038000,120.1221
1632,1040000,87.8545
1634,1042000,78.2885
1636,1044000,111.7995
1638,1046000,82.3731
1640,1048000,107.0133
1642,1050000,126.9335
1644,1052000,99.6251
1646,1054000,110.0319
1648,1056000,71.6725
1650,1058000,110.9701
1652,1060000,85.2369
1654,1062000,87.8541
1656,1064000,54.1283
1658,1066000,115.6892
1660,1068000,82.5518
1662,1070000,88.5681
1664,1072000,96.1727
1666,1074000,107.193
1668,1076000,93.0353
1670,1078000,108.0136
1672,1080000,88.3098
1674,1082000,97.0398
1676,1084000,107.8491
1678,1086000,102.5134
1680,1088000,123.7053
1682,1090000,120.5135
1684,1092000,78.4372
1686,1094000,93.4551
1688,1096000,77.907
1690,1098000,102.8566
1692,1100000,118.075
1694,1102000,97.798
1696,1104000,81.1252
1698,1106000,90.5104
1700,1108000,72.0368
1702,1110000,89.4826
1704,1112000,111.4
1706,1114000,94.4951
1708,1116000,129.0304
1710,1118000,93.1238
1712,1120000,104.8985
1714,1122000,91.2941
1716,1124000,85.9951
1718,1126000,84.6532
1720,1128000,66.0836
1722,1130000,52.7835
1724,1132000,75.1026
1726,1134000,87.6097
1728,1136000,96.4272
1730,1138000,84.8295
1732,1140000,70.7818
1734,1142000,52.3603
1736,1144000,95.5792
1738,1146000,53.9253
1740,1148000,15.805
1742,1150000,79.776
1744,1152000,94.1719
1746,1154000,68.1417
1748,1156000,62.5844
1750,1158000,83.3441
1752,1160000,56.2955
1754,1162000,62.5246
1756,1164000,89.2067
1758,1166000,89.6536
1760,1168000,70.1604
1762,1170000,100.1583
1764,1172000,65.4524
1766,1174000,86.2797
1768,1176000,100.2701
1770,1178000,109.3363
1772,1180000,90.7506
1774,1182000,99.2604
1776,1184000,89.9457
1778,1186000,105.9705
1780,1188000,100.1481
1782,1190000,97.7777
1784,1192000,54.438
1786,1194000,86.5881
1788,1196000,107.8203
1790,1198000,113.3222
1792,1200000,68.3576
1794,1202000,85.6149
1796,1204000,87.8921
1798,1206000,79.1225
1800,1208000,80.5294
1802,1210000,78.7157
1804,1212000,119.832
1806,1214000,83.0499
1808,1216000,107.2849
1810,1218000,62.4748
1812,1220000,69.2729
1814,1222000,75.6069
1816,1224000,73.4949
1818,1226000,86.8576
1820,1228000,68.7855
1822,1230000,71.438
1824,1232000,83.2735
1826,1234000,113.1915
1828,1236000,80.3249
1830,1238000,102.7756
1832,1240000,68.9352
1834,1242000,68.2307
1836,1244000,82.1479
1838,1246000,91.9506
1840,1248000,96.7967
1842,1250000,94.9968
1844,1252000,77.2273
1846,1254000,85.1619
1848,1256000,75.499
1850,1258000,111.798
1852,1260000,105.8387
1854,1262000,133.5143
1856,1264000,92.1306
1858,1266000,78.9028
1860,1268000,78.6864
1862,1270000,66.4025
1864,1272000,84.2801
1866,1274000,82.9364
1868,1276000,100.2628
1870,1278000,99.2357
1872,1280000,83.5928
1874,1282000,85.1341
1876,1284000,119.7035
1878,1286000,87.4379
1880,1288000,91.7116
1882,1290000,94.1529
1884,1292000,90.9229
1886,1294000,86.1284
1888,1296000,80.1352
1890,1298000,111.0349
1892,1300000,74.0553
1894,1302000,107.1854
1896,1304000,103.291
1898,1306000,111.6044
1900,1308000,114.8047
1902,1310000,98.0538
1904,1312000,106.8794
1906,1314000,91.5019
1908,1316000,100.4107
1911,1318000,163.5325
1913,1320000,94.9197
1915,1322000,108.6555
1917,1324000,47.8241
1919,1326000,162.525
1921,1328000,88.3021
1923,1330000,160.154
1925,1332000,97.294
1927,1334000,50.9356
1929,1336000,62.6118
1931,1338000,81.9619
1933,1340000,86.9688
1935,1342000,106.7381
1937,1344000,88.1088
1939,1346000,105.8181
1941,1348000,41.4964
1943,1350000,80.5099
1946,1352000,72.2006
1948,1354000,90.2014
1950,1356000,102.7573
1952,1358000,108.7772
1954,1360000,116.8905
1956,1362000,107.336
1958,1364000,97.9839
1960,1366000,89.8254
1962,1368000,107.1206
1964,1370000,117.8975
1966,1372000,83.9225
1968,1374000,85.5009
1970,1376000,81.5613
1972,1378000,56.7728
1974,1380000,75.4563
1976,1382000,49.6835
1978,1384000,165.1127
1980,1386000,111.1149
1982,1388000,111.356
1984,1390000,47.2668
1986,1392000,75.6534
1988,1394000,65.805
1990,1396000,103.8599
1992,1398000,156.7935
1994,1400000,124.2974
1996,1402000,101.7661
1998,1404000,87.9163
2000,1406000,68.7737
2002,1408000,27.691
2004,1410000,76.8197
2006,1412000,120.4259
2008,1414000,101.3294
2010,1416000,86.6815
2012,1418000,129.0644
2014,1420000,95.4391
2016,1422000,114.4944
2018,1424000,99.4304
2020,1426000,88.2265
2022,1428000,97.959
2024,1430000,121.928
2026,1432000,118.1238
2028,1434000,110.5147
2031,1436000,116.4587
2033,1438000,94.1262
2035,1440000,94.9395
2037,1442000,81.4097
2039,1444000,76.8896
2041,1446000,94.5606
2043,1448000,104.0546
2045,1450000,106.435
2047,1452000,103.1459
2049,1454000,99.1021
2051,1456000,100.3834
2053,1458000,93.297
2055,1460000,81.1142
2057,1462000,102.8184
2059,1464000,69.5664
2061,1466000,64.787
2063,1468000,76.8888
2065,1470000,115.1091
2067,1472000,87.3576
2069,1474000,76.2098
2071,1476000,105.6052
2073,1478000,98.6876
2075,1480000,68.1219
2077,1482000,68.7015
2079,1484000,82.9564
2081,1486000,62.9093
2083,1488000,95.2839
2085,1490000,85.0973
2087,1492000,73.0777
2090,1494000,143.781
2092,1496000,126.4038
2094,1498000,92.011
2096,1500000,76.6374
2098,1502000,114.1047
2100,1504000,84.0397
2102,1506000,72.0865
2104,1508000,72.8227
2106,1510000,47.646
2108,1512000,77.7167
2110,1514000,87.7859
2112,1516000,84.2544
2114,1518000,103.4763
2116,1520000,108.7112
2118,1522000,105.2607
2120,1524000,116.5964
2122,1526000,39.9858
2124,1528000,102.3664
2126,1530000,80.0625
2128,1532000,89.3839
2130,1534000,133.8055
2132,1536000,121.3933
2134,1538000,50.7176
2136,1540000,124.2379
2138,1542000,124.0151
2140,1544000,114.305
2142,1546000,123.0276
2144,1548000,84.9823
2146,1550000,100.3089
2148,1552000,117.9688
2150,1554000,126.0171
2152,1556000,106.8426
2154,1558000,116.1936
2156,1560000,107.3768
2158,1562000,120.9673
2160,1564000,113.0818
2162,1566000,140.7098
2164,1568000,87.891
2166,1570000,97.6902
2168,1572000,75.2519
2170,1574000,139.2476
2172,1576000,91.4755
2174,1578000,92.2325
2176,1580000,110.1684
2178,1582000,81.2797
2180,1584000,26.7532
2182,1586000,102.8359
2184,1588000,88.4932
2186,1590000,82.4393
2188,1592000,80.2627
2190,1594000,155.2023
2192,1596000,82.0081
2194,1598000,111.5462
2196,1600000,108.8309
2198,1602000,110.0664
2200,1604000,102.5141
2202,1606000,135.3193
2204,1608000,87.4825
2206,1610000,108.5778
2208,1612000,81.7198
2210,1614000,104.4855
2212,1616000,91.7328
2214,1618000,98.2786
2216,1620000,101.4387
2218,1622000,136.4822
2220,1624000,101.131
2222,1626000,37.9172
2224,1628000,57.1829
2226,1630000,118.6025
2228,1632000,94.822
2230,1634000,82.7981
2233,1636000,-166.4494
2235,1638000,80.5451
2237,1640000,67.8427
2239,1642000,86.9312
2241,1644000,111.1359
2243,1646000,72.9941
2245,1648000,-72.1329
2247,1650000,103.5075
2249,1652000,77.2108
2251,1654000,104.8148
2253,1656000,86.4677
2255,1658000,68.5283
2257,1660000,68.0047
2259,1662000,101.0182
2261,1664000,82.2525
2263,1666000,137.5905
2265,1668000,99.9461
2267,1670000,112.6728
2269,1672000,94.6324
2271,1674000,102.1697
2273,1676000,91.4098
2275,1678000,61.3316
2277,1680000,107.7651
2279,1682000,131.4592
2281,1684000,104.4152
2283,1686000,117.0685
2285,1688000,79.8556
2287,1690000,103.3353
2289,1692000,112.9727
2291,1694000,95.994
2293,1696000,117.9511
2295,1698000,95.038
2297,1700000,88.6788
2299,1702000,109.7774
2301,1704000,59.0719
2303,1706000,102.9784
2305,1708000,98.3899
2307,1710000,133.375
2309,1712000,147.4484
2311,1714000,79.6791
2313,1716000,95.6617
2315,1718000,107.7977
2317,1720000,113.6589
2319,1722000,95.4684
2321,1724000,98.7264
2323,1726000,73.9065
2325,1728000,73.871
2327,1730000,75.4611
2329,1732000,42.7577
2331,1734000,42.6689
2333,1736000,82.7365
2335,1738000,55.488
2337,1740000,98.4108
2339,1742000,83.8697
2341,1744000,2.8793
2343,1746000,107.8264
2345,1748000,91.1509
2347,1750000,87.4029
2349,1752000,72.4825
2351,1754000,18.2333
2353,1756000,58.3311
2355,1758000,103.145
2357,1760000,75.8718
2359,1762000,96.1801
2361,1764000,105.5315
2363,1766000,31.995
2365,1768000,102.4367
2367,1770000,77.9962
2369,1772000,97.9952
2371,1774000,70.483
2373,1776000,99.5493
2375,1778000,130.0595
2377,1780000,118.9607
2380,1782000,-43.4582
2382,1784000,98.0057
2384,1786000,-25.3049
2386,1788000,93.8403
2388,1790000,115.523
2390,1792000,100.6507
2392,1794000,95.4862
2394,1796000,27.4374
2396,1798000,99.2507
2398,1800000,119.2967
2400,1802000,131.7661
2402,1804000,84.0983
2404,1806000,105.8833
2406,1808000,84.1172
2408,1810000,77.0643
2410,1812000,77.7657
2412,1814000,39.3336
2414,1816000,85.7343
2416,1818000,95.4538
2418,1820000,111.2158
2420,1822000,74.6851
2422,1824000,103.6375
2424,1826000,72.6381
2426,1828000,90.3357
2428,1830000,-95.5714
2430,1832000,73.0481
2432,1834000,61.4944
2434,1836000,67.4822
2436,1838000,52.3916
2438,1840000,62.0095
2440,1842000,113.7581
2442,1844000,61.3684
2444,1846000,46.3469
2446,1848000,62.5554
2448,1850000,70.2339
2450,1852000,57.1095
2452,1854000,75.9762
2454,1856000,51.8128
2456,1858000,78.0978
2458,1860000,92.0341
2460,1862000,13.9323
2462,1864000,100.9907
2465,1866000,125.6256
2467,1868000,57.7434
2469,1870000,-68.6286
2471,1872000,40.8108
2473,1874000,55.4598
2475,1876000,98.3428
2477,1878000,73.3755
2479,1880000,95.7971
2481,1882000,92.0025
2483,1884000,85.1428
2485,1886000,82.6249
2487,1888000,91.905
2489,1890000,149.1093
2492,1892000,-16.2131
2494,1894000,96.8709
2496,1896000,68.6995
2498,1898000,135.0843
2500,1900000,129.5052
2502,1902000,82.7788
2504,1904000,102.0641
2506,1906000,66.7708
2508,1908000,82.1366
2510,1910000,106.8652
2512,1912000,43.7046
2514,1914000,111.1779
2516,1916000,86.8587
2518,1918000,99.7459
2520,1920000,175.4302
2522,1922000,83.4859
2524,1924000,102.3401
2526,1926000,93.9155
2528,1928000,52.1831
2531,1930000,140.934
2533,1932000,80.0803
2535,1934000,77.0163
2537,1936000,27.2122
2539,1938000,101.0011
2541,1940000,122.961
2543,1942000,109.563
2545,1944000,102.6491
2547,1946000,104.0127
2549,1948000,59.8805
2551,1950000,87.1462
2553,1952000,96.8721
2555,1954000,91.8008
2557,1956000,121.2682
2559,1958000,79.1525
2561,1960000,55.7062
2563,1962000,105.1074
2565,1964000,152.2838
2567,1966000,83.9692
2569,1968000,96.4096
2571,1970000,68.0212
2574,1972000,82.1582
2576,1974000,72.1742
2579,1976000,145.343
2581,1978000,74.6685
2583,1980000,146.7165
2585,1982000,114.8657
2587,1984000,55.8267
2589,1986000,59.7252
2591,1988000,6.7769
2593,1990000,68.869
2595,1992000,1.7104
2598,1994000,76.3648
2600,1996000,84.2952
2602,1998000,75.1232
2604,2000000,66.1554
2606,2002000,64.6657
2608,2004000,67.1506
2610,2006000,51.0537
2612,2008000,70.9339
2614,2010000,69.0191
2616,2012000,97.5227
2618,2014000,95.4717
2620,2016000,80.8352
2622,2018000,106.9437
2624,2020000,55.5503
2626,2022000,57.2094
2628,2024000,72.4086
2630,2026000,180.9364
2632,2028000,135.9306
2634,2030000,82.0826
2636,2032000,96.9823
2638,2034000,58.5329
2640,2036000,89.4524
2642,2038000,118.8536
2644,2040000,92.5523
2646,2042000,66.6271
2648,2044000,93.0905
2650,2046000,77.3119
2652,2048000,95.4168
2654,2050000,89.3167
2656,2052000,100.6095
2658,2054000,109.7323
2660,2056000,97.7386
2662,2058000,111.7304
2664,2060000,80.1987
2666,2062000,105.6846
2668,2064000,107.8772
2670,2066000,116.5588
2672,2068000,104.0819
2674,2070000,57.1787
2676,2072000,102.3299
2678,2074000,97.3663
2680,2076000,140.0533
2682,2078000,102.316
2684,2080000,120.667
2686,2082000,78.1679
2688,2084000,92.7994
2690,2086000,82.7853
2692,2088000,108.0045
2694,2090000,78.8623
2696,2092000,-75.8024
2698,2094000,117.5578
2700,2096000,102.5544
2702,2098000,86.8905
2704,2100000,109.5646
2706,2102000,115.7991
2708,2104000,118.7615
2710,2106000,77.5089
2712,2108000,83.1228
2714,2110000,92.7581
2716,2112000,39.3296
2718,2114000,-39.6726
2720,2116000,86.2167
2722,2118000,55.4511
2724,2120000,77.5479
2726,2122000,121.7833
2728,2124000,107.9778
2730,2126000,123.4812
2732,2128000,89.961
2734,2130000,86.8526
2736,2132000,101.4625
2738,2134000,100.7658
2740,2136000,94.7431
2742,2138000,73.3081
2745,2140000,106.2301
2747,2142000,76.9737
2749,2144000,109.7275
2751,2146000,77.1597
2753,2148000,105.0319
2755,2150000,69.9478
2757,2152000,78.6555
2759,2154000,105.2085
2761,2156000,39.2686
2763,2158000,83.1428
2765,2160000,56.4916
2767,2162000,108.4081
2769,2164000,143.1783
2771,2166000,49.3708
2773,2168000,73.8367
2775,2170000,90.2544
2777,2172000,71.3378
2779,2174000,61.6684
2781,2176000,-82.0065
2783,2178000,61.8786
2785,2180000,60.5966
2787,2182000,76.1945
2789,2184000,85.3766
2791,2186000,85.9265
2793,2188000,41.6698
2795,2190000,79.766
2797,2192000,111.3626
2799,2194000,100.2044
2801,2196000,113.6217
2803,2198000,33.6881
2805,2200000,185.2993
2807,2202000,68.3936
2809,2204000,88.9813
2811,2206000,106.0225
2813,2208000,50.2537
2815,2210000,113.5768
2817,2212000,75.7505
2819,2214000,103.1823
2821,2216000,117.7972
2823,2218000,87.8345
2825,2220000,42.7102
2827,2222000,121.4331
2830,2224000,139.7551
2832,2226000,79.4429
2834,2228000,43.0093
2836,2230000,90.3797
2838,2232000,93.9118
2840,2234000,99.1703
2842,2236000,68.8664
2844,2238000,95.0563
2846,2240000,83.403
2848,2242000,87.8876
2850,2244000,74.8803
2852,2246000,118.508
2854,2248000,38.6562
2856,2250000,67.6627
2858,2252000,94.055
2860,2254000,89.6835
2862,2256000,39.6068
2864,2258000,67.4112
2866,2260000,91.5632
2868,2262000,77.2099
2871,2264000,83.9875
2873,2266000,123.2692
2875,2268000,55.677
2877,2270000,88.7904
2879,2272000,112.5061
2881,2274000,82.6826
2883,2276000,87.4418
2885,2278000,67.6871
2887,2280000,1.9531
2889,2282000,88.458
2891,2284000,54.2079
2893,2286000,114.9825
2895,2288000,108.7879
2897,2290000,90.156
2899,2292000,93.7525
2901,2294000,92.6473
2903,2296000,63.3145
2905,2298000,89.8291
2907,2300000,31.5507
2909,2302000,65.4431
2911,2304000,94.1975
2913,2306000,106.309
2915,2308000,88.0976
2917,2310000,103.1164
2919,2312000,139.0594
2921,2314000,95.2953
2924,2316000,-15.5238
2926,2318000,43.7236
2928,2320000,72.725
2930,2322000,99.8991
2932,2324000,85.1997
2934,2326000,109.4623
2936,2328000,75.635
2938,2330000,103.1055
2940,2332000,66.1104
2942,2334000,114.574
2944,2336000,32.7996
2946,2338000,62.3813
2948,2340000,94.5103
2950,2342000,94.6173
2952,2344000,67.0504
2954,2346000,114.1352
2956,2348000,99.7211
2958,2350000,51.023
2960,2352000,90.4286
2962,2354000,77.0265
2964,2356000,112.6589
2966,2358000,105.5079
2968,2360000,107.1039
2970,2362000,95.9367
2972,2364000,92.2576
2974,2366000,78.9244
2976,2368000,99.3126
2978,2370000,62.7059
2980,2372000,92.5247
2982,2374000,-152.8517
2984,2376000,52.5578
2986,2378000,81.6702
2988,2380000,111.9549
2990,2382000,38.3382
2992,2384000,-3.5216
2994,2386000,-29.8035
2996,2388000,78.1292
2998,2390000,65.3674
3000,2392000,59.7671
3002,2394000,83.6818
3004,2396000,62.8611
3006,2398000,-53.0953
3008,2400000,-77.9407
3010,2402000,79.4243
3012,2404000,45.9464
3015,2406000,-44.2964
3017,2408000,103.7052
3019,2410000,76.9985
3021,2412000,-101.1545
3023,2414000,65.0729
3025,2416000,69.1585
3027,2418000,46.0242
3029,2420000,77.0147
3031,2422000,95.2594
3033,2424000,65.2513
3035,2426000,82.7473
3037,2428000,62.1974
3039,2430000,108.5784
3041,2432000,32.9611
3043,2434000,96.4012
3045,2436000,81.039
3047,2438000,92.7534
3049,2440000,83.2852
3051,2442000,109.2926
3053,2444000,54.9817
3055,2446000,85.0004
3057,2448000,65.5074
3059,2450000,89.0998
3061,2452000,82.3515
3063,2454000,132.0735
3065,2456000,74.9756
3067,2458000,44.3898
3069,2460000,98.1053
3071,2462000,90.0297
3073,2464000,82.0957
3075,2466000,93.4713
3077,2468000,98.2324
3079,2470000,88.4052
3081,2472000,62.8482
3083,2474000,92.8372
3085,2476000,39.8179
3087,2478000,72.784
3089,2480000,63.0959
3091,2482000,60.4078
3093,2484000,49.7985
3095,2486000,85.3615
3097,2488000,88.7819
3099,2490000,87.8999
3101,2492000,55.5263
3103,2494000,35.7416
3105,2496000,35.5025
3107,2498000,80.6839
3109,2500000,76.6866
3111,2502000,51.1098
3113,2504000,82.9254
3115,2506000,52.8428
3117,2508000,92.2706
3119,2510000,77.2115
3121,2512000,99.3701
3123,2514000,96.1852
3125,2516000,106.8426
3127,2518000,86.8004
3130,2520000,134.2657
3132,2522000,74.436
3134,2524000,77.1648
3136,2526000,104.7041
3138,2528000,93.6904
3140,2530000,93.1012
3142,2532000,109.6386
3144,2534000,58.8219
3146,2536000,76.2801
3148,2538000,96.5997
3150,2540000,106.2949
3152,2542000,75.3728
3154,2544000,62.411
3156,2546000,101.646
3158,2548000,92.3543
3160,2550000,73.7384
3162,2552000,79.5831
3164,2554000,56.8565
3166,2556000,72.5228
3168,2558000,92.5157
3170,2560000,95.7112
3172,2562000,83.7896
3174,2564000,84.0328
3176,2566000,95.5137
3178,2568000,73.8826
3180,2570000,100.6947
3182,2572000,81.1798
3184,2574000,112.1127
3186,2576000,74.4947
3188,2578000,84.6624
3190,2580000,108.3542
3192,2582000,99.1161
3194,2584000,114.437
3196,2586000,61.8271
3198,2588000,83.1825
3200,2590000,110.5861
3202,2592000,68.6472
3204,2594000,72.1043
3206,2596000,76.1435
3208,2598000,100.4298
3210,2600000,27.5316
3212,2602000,85.2583
3214,2604000,89.6817
3216,2606000,37.0462
3218,2608000,97.724
3220,2610000,105.197
3222,2612000,86.0083
3224,2614000,122.426
3226,2616000,111.5474
3228,2618000,84.7424
3230,2620000,88.5468
3232,2622000,67.1947
3234,2624000,76.5358
3236,2626000,2.3466
3238,2628000,109.019
3240,2630000,117.2431
3242,2632000,103.5256
3244,2634000,126.7342
3246,2636000,100.2672
3248,2638000,129.3265
3250,2640000,172.1973
3252,2642000,133.4988
3254,2644000,122.5484
3256,2646000,102.1263
3258,2648000,102.8531
3260,2650000,116.5963
3262,2652000,124.4563
3264,2654000,88.9938
3266,2656000,115.1823
3268,2658000,104.4665
3270,2660000,118.3553
3272,2662000,104.5725
3274,2664000,63.8636
3276,2666000,88.0433
3278,2668000,136.1761
3280,2670000,101.2585
3282,2672000,104.1166
3284,2674000,116.8743
3286,2676000,91.9916
3288,2678000,101.8281
3290,2680000,89.4164
3292,2682000,120.1225
3294,2684000,60.3847
3296,2686000,92.5122
3298,2688000,92.0811
3300,2690000,104.5686
3302,2692000,123.7906
3304,2694000,102.8975
3306,2696000,106.4773
3308,2698000,59.6709
3310,2700000,91.4155
3312,2702000,79.338
3314,2704000,71.1703
3316,2706000,96.375
3318,2708000,107.0554
3320,2710000,106.0289
3322,2712000,88.8907
3324,2714000,69.1596
3326,2716000,78.3534
3328,2718000,34.6207
3330,2720000,89.7631
3332,2722000,81.5709
3334,2724000,99.8819
3336,2726000,86.1961
3338,2728000,88.0303
3340,2730000,92.4726
3342,2732000,80.7188
3344,2734000,69.6207
3346,2736000,59.3878
3348,2738000,62.8761
3350,2740000,79.5417
3352,2742000,93.753
3354,2744000,91.303
3356,2746000,95.9321
3358,2748000,94.0876
3360,2750000,112.8367
3362,2752000,100.7317
3364,2754000,111.1908
3366,2756000,79.2608
3368,2758000,116.4071
3370,2760000,130.5498
3372,2762000,106.4006
3374,2764000,83.1323
3377,2766000,115.4007
3379,2768000,-11.522
3381,2770000,35.731
3383,2772000,102.6168
3385,2774000,73.0602
3387,2776000,92.421
3389,2778000,67.1924
3391,2780000,76.3257
3393,2782000,88.2662
3395,2784000,69.8653
3397,2786000,96.5524
3399,2788000,63.0517
3401,2790000,51.004
3403,2792000,78.3521
3405,2794000,62.7373
3407,2796000,16.1457
3409,2798000,47.8448
3411,2800000,67.7811
3413,2802000,54.9918
3415,2804000,38.3418
3417,2806000,65.2553
3419,2808000,82.1096
3421,2810000,-38.7831
3423,2812000,103.0217
3425,2814000,23.3473
3427,2816000,95.0639
3429,2818000,60.6557
3431,2820000,67.7415
3433,2822000,52.5576
3435,2824000,87.0518
3437,2826000,52.3439
3439,2828000,77.8201
3441,2830000,74.1043
3443,2832000,75.412
3445,2834000,84.9551
3447,2836000,54.0328
3449,2838000,58.2046
3451,2840000,105.3911
3453,2842000,67.4629
3455,2844000,99.128
3457,2846000,87.3938
3459,2848000,86.8078
3462,2850000,15.4853
3464,2852000,63.5049
3466,2854000,83.0298
3468,2856000,87.5962
3470,2858000,68.1981
3472,2860000,70.8382
3474,2862000,106.4997
3476,2864000,106.8751
3478,2866000,124.1966
3480,2868000,88.1335
3482,2870000,99.2381
3484,2872000,103.1906
3486,2874000,128.7822
3488,2876000,19.9873
3490,2878000,70.6949
3492,2880000,-41.9587
3494,2882000,112.7765
3496,2884000,117.2819
3498,2886000,89.5938
3500,2888000,86.5692
3502,2890000,97.1831
3504,2892000,99.6984
3506,2894000,97.6623
3508,2896000,117.2974
3510,2898000,103.3926
3512,2900000,109.6796
3514,2902000,30.0349
3516,2904000,86.4647
3518,2906000,67.6877
3520,2908000,43.7925
3522,2910000,46.3288
3524,2912000,-58.7045
3526,2914000,107.4655
3528,2916000,23.0777
3530,2918000,63.0514
3532,2920000,86.8817
3534,2922000,106.3048
3536,2924000,70.1965
3538,2926000,77.7283
3540,2928000,82.1839
3542,2930000,91.3815
3544,2932000,92.8253
3546,2934000,74.0205
3548,2936000,91.188
3550,2938000,102.7716
3552,2940000,70.3565
3554,2942000,68.0048
3556,2944000,82.4764
3558,2946000,50.7366
3560,2948000,65.1725
3562,2950000,76.831
3564,2952000,79.6243
3566,2954000,89.2755
3568,2956000,100.2664
3570,2958000,72.5566
3572,2960000,42.0905
3574,2962000,102.5783
3576,2964000,77.0271
3578,2966000,62.1072
3580,2968000,84.5898
3582,2970000,103.9613
3584,2972000,103.1717
3586,2974000,81.9309
3588,2976000,91.1087
3590,2978000,98.0019
3592,2980000,118.0362
3594,2982000,111.6815
3596,2984000,114.6396
3598,2986000,96.6077
3600,2988000,82.1424
3602,2990000,77.8127
3604,2992000,80.1322
3606,2994000,102.9317
3608,2996000,73.3078
3610,2998000,42.3731
3612,3000000,77.5529
